766192484, 2
766192485, 2
766192486, 2
766192487, 2
766192488, 2
766192489, 2
766192490, 2
766192491, 2
766192492, 2
766192493, 2
766192494, 2
766192495, 2
766192496, 2
766192497, 2
766192498, 2
766192499, 2
766192500, 2
766192501, 2
766192502, 2
766192503, 2
766192504, 2
766192505, 2
766192506, 2
766192507, 2
766192508, 2
766192509, 2
766192510, 2
766192511, 2
766192512, 2
766192513, 0
766192514, 2
766192515, 2
766192516, 2
766192517, 2
766192518, 2
766192519, 2
766192520, 2
766192521, 2
766192522, 2
766192523, 2
766192524, 2
766192525, 2
766192526, 2
766192527, 2
766192528, 2
766192529, 2
766192530, 2
766192531, 2
766192532, 2
766192533, 2
766192534, 2
766192535, 2
766192536, 2
766192537, 2
766192538, 2
766192539, 2
766192540, 2
766192541, 2
766192542, 2
766192543, 2
766192544, 2
766192545, 2
766192546, 2
766192547, 2
766192548, 2
766192549, 2
766192550, 2
766192551, 2
766192552, 2
766192553, 2
766192554, 2
766192555, 2
766192556, 2
766192557, 2
766192558, 2
766192559, 2
766192560, 2
766192561, 2
766192562, 2
766192563, 2
766192564, 2
766192565, 2
766192566, 2
766192567, 2
766192568, 2
766192569, 2
766192570, 2
766192571, 2
766192572, 2
766192573, 2
766192574, 2
766192575, 2
766192576, 2
766192577, 2
766192578, 2
766192579, 2
766192580, 2
766192581, 2
766192582, 2
766192583, 2
766192585, 2
766192586, 2
766192587, 2
766192588, 2
766192589, 2
766192590, 2
766192591, 2
766192592, 0
766192593, 2
766192594, 2
766192595, 2
766192596, 2
766192597, 2
766192598, 2
766192599, 2
766192600, 2
766192601, 2
766192602, 2
766192603, 2
766192604, 2
766192605, 2
766192606, 2
766192607, 2
766192608, 2
766192609, 2
766192610, 2
766192611, 2
766192612, 2
766192613, 2
766192614, 2
766192615, 2
766192616, 2
766192617, 2
766192618, 2
766192619, 2
766192620, 2
766192621, 2
766192622, 2
766192623, 2
766192624, 2
766192625, 2
766192626, 2
766192627, 2
766192628, 2
766192629, 2
766192630, 2
766192631, 2
766192632, 2
766192633, 2
766192634, 2
766192635, 2
766192636, 2
766192637, 2
766192638, 2
766192639, 2
766192640, 2
766192641, 2
766192642, 2
766192643, 2
766192644, 2
766192645, 2
766192646, 2
766192647, 2
766192648, 2
766192649, 2
766192650, 2
766192651, 2
766192652, 2
766192653, 2
766192654, 2
766192655, 2
766192656, 2
766192657, 2
766192658, 2
766192659, 2
766192660, 2
766192661, 2
766192662, 2
766192663, 2
766192664, 2
766192665, 2
766192666, 2
766192667, 2
766192668, 2
766192669, 2
766192670, 2
766192671, 2
766192672, 2
766192673, 2
766192674, 2
766192675, 2
766192676, 2
766192677, 2
766192678, 2
766192679, 2
766192680, 2
766192681, 2
766192682, 2
766192683, 2
766192684, 2
766192685, 2
766192686, 2
766192687, 2
766192688, 2
766192689, 2
766192690, 2
766192691, 2
766192692, 2
766192693, 2
766192694, 2
766192695, 2
766192696, 2
766192697, 2
766192698, 2
766192699, 2
766192700, 2
766192701, 2
766192702, 2
766192703, 2
766192704, 2
766192705, 2
766192706, 2
766192707, 2
766192708, 2
766192709, 2
766192710, 2
766192711, 2
766192712, 2
766192713, 2
766192714, 2
766192715, 2
766192716, 2
766192717, 2
766192718, 2
766192719, 2
766192720, 2
766192721, 2
766192722, 2
766192723, 2
766192724, 2
766192725, 2
766192726, 2
766192727, 2
766192728, 2
766192729, 2
766192730, 2
766192731, 2
766192732, 2
766192733, 2
766192734, 2
766192735, 2
766192736, 2
766192737, 2
766192738, 2
766192739, 2
766192740, 2
766192741, 2
766192742, 2
766192743, 2
766192744, 2
766192745, 2
766192746, 2
766192747, 2
766192748, 2
766192749, 2
766192750, 2
766192751, 2
766192752, 2
766192753, 2
766192754, 2
766192755, 2
766192756, 2
766192757, 2
766192758, 2
766192759, 2
766192760, 2
766192761, 2
766192762, 2
766192763, 2
766192764, 2
766192765, 2
766192766, 2
766192767, 2
766192768, 2
766192769, 2
766192770, 2
766192771, 2
766192772, 0
766192773, 0
766192774, 2
766192775, 2
766192776, 2
766192777, 2
766192778, 2
766192779, 2
766192780, 2
766192781, 2
766192782, 2
766192783, 2
766192784, 2
766192785, 2
766192786, 2
766192787, 2
766192788, 2
766192789, 2
766192790, 2
766192791, 2
766192792, 2
766192793, 2
766192794, 0
766192795, 2
766192796, 2
766192797, 2
766192798, 2
766192799, 2
766192800, 2
766192801, 2
766192802, 2
766192803, 2
766192804, 2
766192805, 2
766192806, 2
766192807, 2
766192808, 2
766192809, 2
766192810, 2
766192811, 2
766192812, 2
766192813, 2
766192814, 2
766192815, 2
766192816, 2
766192817, 2
766192818, 0
766192819, 2
766192820, 2
766192821, 2
766192822, 2
766192823, 2
766192824, 2
766192825, 2
766192826, 2
766192827, 2
766192828, 2
766192829, 2
766192830, 2
766192831, 2
766192832, 2
766192833, 2
766192834, 2
766192835, 2
766192836, 2
766192837, 2
766192838, 2
766192839, 2
766192840, 2
766192841, 2
766192842, 2
766192843, 2
766192844, 2
766192845, 2
766192846, 2
766192847, 2
766192848, 2
766192849, 2
766192850, 2
766192851, 2
766192852, 2
766192853, 2
766192854, 2
766192855, 2
766192856, 2
766192857, 2
766192858, 2
766192859, 2
766192860, 2
766192861, 2
766192862, 2
766192863, 2
766192864, 2
766192865, 2
766192866, 2
766192867, 2
766192868, 2
766192869, 2
766192870, 2
766192871, 2
766192872, 2
766192873, 2
766192874, 2
766192875, 2
766192876, 2
766192877, 2
766192878, 2
766192879, 2
766192880, 0
766192881, 2
766192882, 2
766192883, 2
766192884, 2
766192885, 2
766192886, 2
766192887, 2
766192888, 2
766192889, 2
766192890, 2
766192891, 2
766192892, 2
766192893, 2
766192894, 2
766192895, 2
766192896, 2
766192897, 2
766192898, 2
766192899, 2
766192900, 2
766192901, 2
766192902, 2
766192903, 0
766192904, 2
766192905, 2
766192906, 2
766192907, 2
766192908, 2
766192909, 2
766192910, 2
766192911, 2
766192912, 2
766192913, 2
766192914, 2
766192915, 2
766192916, 2
766192917, N/A
766192918, 2
766192919, 2
766192920, 2
766192921, 2
766192922, 2
766192923, 2
766192924, 2
766192925, 2
766192926, 2
766192927, 2
766192928, 2
766192929, 2
766192930, 2
766192931, 2
766192932, 2
766192933, 2
766192934, 2
766192935, 2
766192936, 2
766192937, 2
766192938, 2
766192939, 2
766192940, 2
766192941, 2
766192942, 2
766192943, 2
766192944, 2
766192945, 2
766192946, 2
766192947, 2
766192948, 2
766192949, 2
766192950, 2
766192951, 2
766192952, 2
766192953, 2
766192954, 2
766192955, 2
766192956, 2
766192957, 2
766192958, 2
766192959, 2
766192960, 2
766192961, 2
766192962, 2
766192963, 2
766192964, 2
766192965, 2
766192966, 2
766192967, 2
766192968, 2
766192969, 2
766192970, 2
766192971, 2
766192972, 2
766192973, 2
766192974, 2
766192975, 2
766192976, 2
766192977, 2
766192978, 2
766192979, 2
766192980, 2
766192981, 2
766192982, 2
766192983, 2
766192984, 2
766192985, 2
766192986, 2
766192987, 2
766192988, 2
766192989, 2
766192990, 2
766192991, 2
766192992, 2
766192993, 2
766192994, 0
766192995, 2
766192996, 2
766192997, 2
766192998, 2
766192999, 2
766193000, 2
766193001, 2
766193002, 2
766193003, 2
766193004, 2
766193005, 2
766193006, 2
766193007, 2
766193008, 2
766193009, 2
766193010, 0
766193011, 2
766193012, 2
766193013, 2
766193014, 2
766193015, 2
766193016, 2
766193017, 2
766193018, 2
766193019, 2
766193020, 2
766193021, 2
766193022, 2
766193023, 2
766193024, 2
766193025, 2
766193026, 2
766193027, 2
766193028, 2
766193029, 2
766193030, 2
766193031, 2
766193032, 2
766193033, 2
766193034, 2
766193035, 2
766193036, 2
766193037, 2
766193038, 2
766193039, 2
766193040, 2
766193041, 2
766193042, 2
766193043, 2
766193044, 2
766193045, 2
766193046, 2
766193047, 2
766193048, 2
766193049, 2
766193050, 2
766193051, 2
766193052, N/A
766193053, 2
766193054, 2
766193055, 2
766193056, 2
766193057, 2
766193058, 2
766193059, 2
766193060, 2
766193061, 2
766193062, 2
766193063, 2
766193064, 2
766193065, 2
766193066, 2
766193067, 2
766193068, 2
766193069, 2
766193070, 2
766193071, 2
766193072, 2
766193073, 2
766193074, 2
766193075, 2
766193076, 2
766193077, 2
766193078, 2
766193079, 2
766193080, 2
766193081, 2
766193082, 2
766193083, 2
766193084, 2
766193085, 2
766193086, 2
766193087, 2
766193088, 2
766193089, 2
766193090, 2
766193091, 2
766193092, 2
766193093, 2
766193094, 2
766193095, 2
766193096, 2
766193097, 2
766193098, 2
766193099, 2
766193100, 2
766193101, 2
766193102, 2
766193103, 2
766193104, 2
766193105, 2
766193106, 2
766193107, 2
766193108, 2
766193109, 2
766193110, 2
766193111, 2
766193112, 2
766193113, 2
766193114, 2
766193115, 2
766193116, 2
766193117, 2
766193118, 2
766193119, 2
766193120, 2
766193121, 2
766193122, 2
766193123, 2
766193124, 2
766193125, 2
766193126, 2
766193127, 2
766193128, 2
766193129, 2
766193130, 2
766193131, 2
766193132, 2
766193133, 2
766193134, 2
766193135, 2
766193136, 2
766193137, 2
766193138, 2
766193139, 2
766193140, 2
766193141, 2
766193142, 2
766193143, 2
766193144, 2
766193145, 2
766193146, 2
766193147, 2
766193148, 2
766193149, 2
766193150, 2
766193151, 2
766193152, 2
766193153, 2
766193154, 2
766193155, 0
766193156, 2
766193157, 2
766193158, 2
766193159, 2
766193160, 2
766193161, 2
766193162, 2
766193163, 2
766193164, 2
766193165, 2
766193166, 2
766193167, 2
766193168, 2
766193169, 2
766193170, 2
766193171, 2
766193172, 2
766193173, 2
766193174, 2
766193175, 2
766193176, 2
766193177, 2
766193178, 2
766193179, 2
766193180, 2
766193181, 2
766193182, 2
766193183, 2
766193184, 2
766193185, 2
766193186, 2
766193187, 2
766193188, 2
766193189, 2
766193190, 2
766193191, 2
766193192, 2
766193193, 2
766193194, 2
766193195, 2
766193196, 2
766193197, 2
766193198, 2
766193199, 2
766193200, 2
766193201, 2
766193202, 2
766193203, 2
766193204, 2
766193205, 2
766193206, 2
766193207, 2
766193208, 2
766193209, 2
766193210, 2
766193211, 2
766193212, 2
766193213, 2
766193214, 2
766193215, 2
766193216, 2
766193217, 2
766193218, 2
766193219, 2
766193220, 0
766193221, 2
766193222, 2
766193223, 2
766193224, 2
766193225, 2
766193226, 2
766193227, 2
766193228, 2
766193229, 2
766193230, 2
766193231, 2
766193232, 2
766193233, 2
766193234, 2
766193235, 2
766193236, 2
766193237, 2
766193238, 2
766193239, 2
766193240, 2
766193241, 2
766193242, 2
766193243, 2
766193244, 2
766193245, 2
766193246, 2
766193247, 2
766193248, 2
766193249, 2
766193250, 2
766193251, 2
766193252, 2
766193253, 2
766193254, 2
766193255, 2
766193256, 2
766193257, 2
766193258, 2
766193259, 2
766193260, 2
766193261, 2
766193262, 2
766193263, 2
766193264, 2
766193265, 2
766193266, 2
766193267, 2
766193268, 2
766193269, 2
766193270, 2
766193271, 2
766193272, 2
766193273, 2
766193274, 2
766193275, 2
766193276, 2
766193277, 2
766193278, 2
766193279, 0
766193280, 2
766193281, 2
766193282, 2
766193283, 2
766193284, 2
766193285, 2
766193286, 2
766193287, 2
766193288, 2
766193289, 2
766193290, 2
766193291, 2
766193292, 2
766193293, 2
766193294, 2
766193295, 2
766193296, 2
766193297, 2
766193298, 2
766193299, 2
766193300, 2
766193301, 2
766193302, 2
766193303, 2
766193304, 2
766193305, 2
766193306, 2
766193307, 2
766193308, 2
766193309, 2
766193310, 2
766193311, 2
766193312, 2
766193313, 2
766193314, 2
766193315, 2
766193316, 2
766193317, 2
766193318, 2
766193319, 2
766193320, 2
766193321, 2
766193322, 2
766193323, 2
766193324, 2
766193325, 2
766193326, 2
766193327, 2
766193328, 2
766193329, 2
766193330, 2
766193331, 2
766193332, 2
766193333, 2
766193334, 2
766193335, 2
766193336, 2
766193337, 2
766193338, 2
766193339, 2
766193340, 2
766193341, 2
766193342, 2
766193343, 2
766193344, 2
766193345, 2
766193346, 2
766193347, 2
766193348, 2
766193349, 2
766193350, 2
766193351, 2
766193352, 2
766193353, 2
766193354, 2
766193355, 2
766193356, 2
766193357, 2
766193358, 2
766193359, 2
766193360, 2
766193361, 0
766193362, 2
766193363, 2
766193364, 2
766193365, 2
766193366, 2
766193367, 2
766193368, 2
766193369, 2
766193370, 2
766193371, 2
766193372, 2
766193373, 2
766193374, 2
766193375, 2
766193376, 2
766193377, 2
766193378, 2
766193379, 2
766193380, 2
766193381, 2
766193382, 2
766193383, 2
766193384, 2
766193385, 2
766193386, 2
766193387, 0
766193388, 2
766193389, 2
766193390, 2
766193391, 2
766193392, 2
766193393, 2
766193394, 2
766193395, 2
766193396, 2
766193397, 2
766193398, 2
766193399, 0
766193400, 0
766193401, 2
766193402, 2
766193403, 2
766193404, 2
766193405, 2
766193406, 2
766193407, 2
766193408, 2
766193409, 2
766193410, 2
766193411, 2
766193412, 2
766193413, 2
766193414, 2
766193415, 2
766193416, 2
766193417, 2
766193418, 2
766193419, 2
766193420, 2
766193421, 2
766193422, 2
766193423, 2
766193424, 2
766193425, 2
766193426, 2
766193427, 2
766193428, 2
766193429, 2
766193430, 2
766193431, 0
766193432, 2
766193433, 2
766193434, 2
766193435, 2
766193436, 2
766193437, 2
766193438, 2
766193439, 2
766193440, 2
766193441, 2
766193442, 2
766193443, 2
766193444, 2
766193445, 2
766193446, 2
766193447, 2
766193448, 2
766193449, 2
766193450, 2
766193451, 2
766193452, 2
766193453, 2
766193454, 2
766193455, 2
766193456, 2
766193457, 2
766193458, 2
766193459, 2
766193460, 2
766193461, 2
766193462, 2
766193463, 2
766193464, 2
766193465, 2
766193466, 2
766193467, 2
766193468, 2
766193469, 2
766193470, 2
766193471, 2
766193472, 2
766193473, 2
766193474, 2
766193475, 2
766193476, 2
766193477, 2
766193478, 2
766193479, 2
766193480, 2
766193481, 2
766193482, 2
766193483, 2
766193484, 2
766193485, 2
766193486, 2
766193487, 2
766193488, 2
766193489, 2
766193490, 2
766193491, 2
766193492, 2
766193493, 2
766193494, 2
766193495, 2
766193496, 2
766193497, 2
766193498, 2
766193499, 2
766193500, 2
766193501, 2
766193502, 2
766193503, 2
766193504, 2
766193505, 2
766193506, 2
766193507, 2
766193508, 2
766193509, 2
766193510, 2
766193511, 2
766193512, 2
766193513, 2
766193514, 2
766193515, 2
766193516, 2
766193517, 2
766193518, 2
766193519, 2
766193520, 2
766193521, 2
766193522, 2
766193523, 2
766193524, 2
766193525, 2
766193526, 2
766193527, 2
766193528, 2
766193529, 2
766193530, 2
766193531, 2
766193532, 2
766193533, 2
766193534, 2
766193535, 2
766193536, 2
766193537, 2
766193538, 2
766193539, 2
766193540, 2
766193541, 2
766193542, 2
766193543, 2
766193544, 2
766193545, 2
766193546, 2
766193547, 2
766193548, 2
766193549, 2
766193550, 2
766193551, 2
766193552, 2
766193553, 2
766193554, 2
766193555, 2
766193556, 2
766193557, 2
766193558, 2
766193559, 2
766193560, 2
766193561, 2
766193562, 2
766193563, 2
766193564, 2
766193565, 2
766193566, 2
766193567, 2
766193568, 2
766193569, 2
766193570, 2
766193571, 2
766193572, 2
766193573, 2
766193574, 2
766193575, 2
766193576, 2
766193577, 2
766193578, 2
766193579, 2
766193580, 2
766193581, 2
766193582, 2
766193583, 2
766193584, 2
766193585, 2
766193586, 2
766193587, 2
766193588, 2
766193589, 2
766193590, 2
766193591, 2
766193592, 2
766193593, 2
766193594, 2
766193595, 2
766193596, 2
766193597, 2
766193598, 2
766193599, 2
766193600, 2
766193601, 2
766193602, 2
766193603, 2
766193604, 0
766193605, 2
766193606, 2
766193607, 2
766193608, 2
766193609, 2
766193610, 2
766193611, 2
766193612, 2
766193613, 2
766193614, 2
766193615, 2
766193616, 2
766193617, 2
766193618, 2
766193619, 2
766193620, 2
766193621, 2
766193622, 2
766193623, 2
766193624, 2
766193625, 2
766193626, 2
766193627, 2
766193628, 2
766193629, 2
766193630, 2
766193631, 2
766193632, 2
766193633, 2
766193634, 2
766193635, 2
766193636, 2
766193637, 2
766193638, 2
766193639, 2
766193640, 2
766193641, 2
766193642, 2
766193643, 2
766193644, 2
766193645, 2
766193646, 2
766193647, 2
766193648, 2
766193649, 2
766193650, 2
766193651, 2
766193652, 0
766193653, 2
766193654, 2
766193655, 2
766193656, 2
766193657, 2
766193658, 2
766193659, 2
766193660, 2
766193661, 2
766193662, 2
766193663, 2
766193664, 2
766193665, 2
766193666, 2
766193667, 2
766193668, 2
766193669, 2
766193670, 2
766193671, 2
766193672, 2
766193673, 2
766193674, 2
766193675, 2
766193676, 2
766193677, 2
766193678, 2
766193679, 2
766193680, 2
766193681, 2
766193682, 2
766193683, 2
766193684, 2
766193685, 2
766193686, 2
766193687, 2
766193688, 2
766193689, 2
766193690, 2
766193691, 2
766193692, 2
766193693, 2
766193694, 0
766193695, 2
766193696, 2
766193697, 2
766193698, 2
766193699, 2
766193700, 2
766193701, 2
766193702, 2
766193703, 2
766193704, 2
766193705, 2
766193706, 2
766193707, 2
766193708, 2
766193709, 2
766193710, 2
766193711, 2
766193712, 2
766193713, 2
766193714, 2
766193715, 2
766193716, 2
766193717, 2
766193718, 2
766193719, 2
766193720, 2
766193721, 2
766193722, 2
766193723, 2
766193724, 2
766193725, 2
766193726, 2
766193727, 2
766193728, 2
766193729, 2
766193730, 2
766193731, 2
766193732, 2
766193733, 2
766193734, 2
766193735, 2
766193736, 2
766193737, 2
766193738, 2
766193739, 2
766193740, 2
766193741, 2
766193742, 2
766193743, 2
766193744, 2
766193745, 2
766193746, 2
766193747, 2
766193748, 2
766193749, 2
766193750, 2
766193751, 2
766193752, 2
766193753, 2
766193754, 2
766193755, 2
766193756, 2
766193757, 0
766193758, 2
766193759, 2
766193760, 2
766193761, 2
766193762, 2
766193763, 2
766193764, 2
766193765, 2
766193766, 2
766193767, 2
766193768, 2
766193769, 2
766193770, 2
766193771, 2
766193772, 2
766193773, 2
766193774, 2
766193775, 2
766193776, 2
766193777, 2
766193778, 2
766193779, 2
766193780, 2
766193781, 2
766193782, 2
766193783, 2
766193784, 2
766193785, 2
766193786, 2
766193787, 2
766193788, 2
766193789, 2
766193790, 2
766193791, 2
766193792, 2
766193793, 2
766193794, 2
766193795, 2
766193796, 2
766193797, 2
766193798, 2
766193799, 2
766193800, 2
766193801, 2
766193802, 2
766193803, 2
766193804, 2
766193805, 2
766193806, 2
766193807, 2
766193808, 0
766193809, 2
766193810, 2
766193811, 2
766193812, 2
766193813, 2
766193814, 2
766193815, 0
766193816, 2
766193817, 2
766193818, 2
766193819, 2
766193820, 2
766193821, 2
766193822, 2
766193823, 2
766193824, 2
766193825, 2
766193826, 2
766193827, 2
766193828, 2
766193829, 2
766193830, 2
766193831, 2
766193832, 2
766193833, 2
766193834, 2
766193835, 2
766193836, 2
766193837, 2
766193838, 2
766193839, 2
766193840, 2
766193841, 2
766193842, 2
766193843, 2
766193844, 2
766193845, 2
766193846, 2
766193847, 2
766193848, 2
766193849, 2
766193850, 2
766193851, 2
766193852, 0
766193853, 2
766193854, 2
766193855, 2
766193856, 2
766193857, 2
766193858, 2
766193859, 2
766193860, 2
766193861, 2
766193862, 2
766193863, 2
766193864, 2
766193865, 2
766193866, 2
766193867, 2
766193868, 2
766193869, 2
766193870, 2
766193871, 2
766193872, 2
766193873, 2
766193874, 2
766193875, 2
766193876, 2
766193877, 2
766193878, 2
766193879, 2
766193880, 2
766193881, 0
766193882, 2
766193883, 0
766193884, 2
766193885, 2
766193886, 2
766193887, 2
766193888, 2
766193889, 2
766193890, 2
766193891, 2
766193892, 2
766193893, 2
766193894, 2
766193895, 2
766193896, 2
766193897, 2
766193898, 2
766193899, 2
766193900, 2
766193901, 2
766193902, 2
766193903, 2
766193904, 2
766193905, 2
766193906, 2
766193907, 2
766193908, 0
766193909, 2
766193910, 2
766193911, 2
766193912, 2
766193913, 2
766193914, 0
766193915, 2
766193916, 2
766193917, 2
766193918, 2
766193919, 2
766193920, 2
766193921, 2
766193922, 2
766193923, 2
766193924, 2
766193925, 2
766193926, 2
766193927, 2
766193928, 2
766193929, 2
766193930, 2
766193931, 2
766193932, 2
766193933, 2
766193934, 2
766193935, 2
766193936, 2
766193937, 2
766193938, 2
766193939, 2
766193940, 2
766193941, 2
766193942, 2
766193943, 2
766193944, 2
766193945, 2
766193946, 2
766193947, 2
766193948, 2
766193949, 2
766193950, 2
766193951, 0
766193952, 2
766193953, 2
766193954, 2
766193955, 2
766193956, 2
766193957, 2
766193958, 2
766193959, 2
766193960, 2
766193961, 2
766193962, 2
766193963, 2
766193964, 2
766193965, 2
766193966, 2
766193967, 2
766193968, 2
766193969, 2
766193970, 2
766193971, 2
766193972, 2
766193973, 2
766193974, 2
766193975, 2
766193976, 2
766193977, 2
766193978, 2
766193979, 2
766193980, 2
766193981, 2
766193982, 2
766193983, 2
766193984, 2
766193985, 2
766193986, 2
766193987, 2
766193988, 2
766193989, 2
766193990, 2
766193991, 2
766193992, 2
766193993, 2
766193994, 2
766193995, 2
766193996, 2
766193997, 2
766193998, 2
766193999, 2
766194000, 2
766194001, 2
766194002, 2
766194003, 2
766194004, 2
766194005, 2
766194006, 2
766194007, 2
766194008, 2
766194009, 2
766194010, 2
766194011, 2
766194012, 2
766194013, 2
766194014, 2
766194015, 2
766194016, 2
766194017, 2
766194018, 2
766194019, 2
766194020, 2
766194021, 2
766194022, 2
766194023, 2
766194024, 2
766194025, 2
766194026, 2
766194027, 2
766194028, 2
766194029, 2
766194030, 2
766194031, 2
766194032, 2
766194033, 2
766194034, 2
766194035, 2
766194036, 2
766194037, 2
766194038, 2
766194039, 2
766194040, 2
766194041, 2
766194042, 2
766194043, 2
766194044, 2
766194045, 2
766194046, 2
766194047, 2
766194048, 2
766194049, 2
766194050, 2
766194051, 2
766194052, 2
766194053, 2
766194054, 2
766194055, 2
766194056, 2
766194057, 2
766194058, 2
766194059, 2
766194060, 2
766194061, 2
766194062, 2
766194063, 2
766194064, 2
766194065, 2
766194066, 2
766194067, 2
766194068, 2
766194069, 2
766194070, 0
766194071, 2
766194072, 2
766194073, 2
766194074, 2
766194075, 2
766194076, 2
766194077, 2
766194078, 2
766194079, 2
766194080, 2
766194081, 2
766194082, 2
766194083, 2
766194084, 2
766194085, 2
766194086, 2
766194087, 2
766194088, 2
766194089, 2
766194090, 2
766194091, 2
766194092, 2
766194093, 2
766194094, 2
766194095, 2
766194096, 2
766194097, 2
766194098, 2
766194099, 2
766194100, 2
766194101, 2
766194102, 2
766194103, 2
766194104, 2
766194105, 2
766194106, 2
766194107, 2
766194108, 2
766194109, 2
766194110, 2
766194111, 2
766194112, 2
766194113, 2
766194114, 2
766194115, 2
766194116, 2
766194117, 2
766194118, 2
766194119, 2
766194120, 2
766194121, 2
766194122, 2
766194123, 2
766194124, 2
766194125, 2
766194126, 2
766194127, 2
766194128, 2
766194129, 2
766194130, 2
766194131, 2
766194132, 2
766194133, 2
766194134, 2
766194135, 2
766194136, 2
766194137, 2
766194138, 2
766194139, 2
766194140, 2
766194141, 2
766194142, 2
766194143, 2
766194144, 2
766194145, 2
766194146, 2
766194147, 2
766194148, 2
766194149, 2
766194150, 2
766194151, 2
766194152, 2
766194153, 2
766194154, 2
766194155, 2
766194156, 2
766194157, 2
766194158, 2
766194159, 2
766194160, 2
766194161, 2
766194162, 2
766194163, 2
766194164, 2
766194165, 2
766194166, 2
766194167, 2
766194168, 2
766194169, 2
766194170, 2
766194171, 2
766194172, 2
766194173, 2
766194174, 2
766194175, 2
766194176, 2
766194177, 2
766194178, 2
766194179, 2
766194180, 2
766194181, 0
766194182, 2
766194183, 2
766194184, 2
766194185, 2
766194186, 2
766194187, 2
766194188, 2
766194189, 2
766194190, 2
766194191, 2
766194192, 2
766194193, 2
766194194, 2
766194195, 2
766194196, 0
766194197, 2
766194198, 2
766194199, 2
766194200, 2
766194201, 2
766194202, 2
766194203, 2
766194204, 2
766194205, 2
766194206, 2
766194207, 2
766194208, 2
766194209, 2
766194210, 2
766194211, 2
766194212, 2
766194213, 2
766194214, 2
766194215, 2
766194216, 2
766194217, 2
766194218, 2
766194219, 2
766194220, 2
766194221, 2
766194222, 2
766194223, 2
766194224, 2
766194225, 2
766194226, 2
766194227, 2
766194228, 2
766194229, 2
766194230, 2
766194231, 2
766194232, 2
766194233, 2
766194234, 2
766194235, 2
766194236, 2
766194237, 2
766194238, 2
766194239, 2
766194240, 2
766194241, 2
766194242, 2
766194243, 2
766194244, 2
766194245, 2
766194246, 2
766194247, 2
766194248, 2
766194249, 2
766194250, 2
766194251, 2
766194252, 2
766194253, 2
766194254, 2
766194255, N/A
766194256, 2
766194257, 2
766194258, 2
766194259, 2
766194260, 2
766194261, 2
766194262, 2
766194263, 2
766194264, 2
766194265, 2
766194266, 2
766194267, 2
766194268, 2
766194269, 2
766194270, 2
766194271, 2
766194272, 2
766194273, 2
766194274, 2
766194275, 2
766194276, 2
766194277, 2
766194278, 2
766194279, 2
766194280, 2
766194281, 2
766194282, 2
766194283, 2
766194284, 2
766194285, 2
766194286, 2
766194287, 2
766194288, 2
766194289, 2
766194290, 2
766194291, 2
766194292, 2
766194293, 2
766194294, 2
766194295, 2
766194296, 2
766194297, 2
766194298, 2
766194299, 2
766194300, 2
766194301, 2
766194302, 2
766194303, 2
766194304, 2
766194305, 2
766194306, 2
766194307, 2
766194308, 2
766194309, 2
766194310, 2
766194311, 2
766194312, 2
766194313, 2
766194314, 0
766194315, 2
766194316, 2
766194317, 2
766194318, 2
766194319, 2
766194320, 2
766194321, 2
766194322, 2
766194323, 2
766194324, 2
766194325, 2
766194326, 2
766194327, 2
766194328, 2
766194329, 2
766194330, 2
766194331, 2
766194332, 2
766194333, 2
766194334, 2
766194335, 2
766194336, 2
766194337, 2
766194338, 2
766194339, 2
766194340, 2
766194341, 2
766194342, 2
766194343, 2
766194344, 2
766194345, 2
766194346, 2
766194347, 2
766194348, 2
766194349, 2
766194350, 2
766194351, 2
766194352, 2
766194353, 2
766194354, 2
766194355, 2
766194356, 2
766194357, 2
766194358, 2
766194359, 2
766194360, 0
766194361, 2
766194362, 2
766194363, 2
766194364, 2
766194365, 2
766194366, 2
766194367, 2
766194368, 2
766194369, 2
766194370, 2
766194371, 2
766194372, 2
766194373, 2
766194374, 2
766194375, 2
766194376, 2
766194377, 2
766194378, 2
766194379, 2
766194380, 2
766194381, 2
766194382, 2
766194383, 2
766194384, 2
766194386, 2
766194387, 2
766194388, 2
766194389, 2
766194390, 2
766194391, 2
766194392, 2
766194393, 2
766194394, 2
766194395, 2
766194396, 2
766194397, 2
766194398, 2
766194399, 2
766194400, 2
766194401, 2
766194402, 2
766194403, 2
766194404, 2
766194405, 2
766194406, 2
766194407, 2
766194408, 2
766194409, 2
766194410, 2
766194411, 2
766194412, 2
766194413, 2
766194414, N/A
766194415, 2
766194416, 2
766194417, 2
766194418, 2
766194419, 2
766194420, 2
766194421, 2
766194422, 2
766194423, 2
766194424, 2
766194425, 0
766194426, 2
766194427, 2
766194428, 2
766194429, 2
766194430, 2
766194431, 2
766194432, 2
766194433, 2
766194434, 2
766194435, 2
766194436, 2
766194437, 2
766194438, 2
766194439, 2
766194440, 2
766194441, 2
766194442, 2
766194443, 2
766194444, 2
766194445, 2
766194446, 2
766194447, 2
766194448, 2
766194449, 2
766194450, 2
766194451, 2
766194452, 2
766194453, 2
766194454, 2
766194455, 2
766194456, 2
766194457, 2
766194458, 2
766194459, 2
766194460, 2
766194461, 2
766194462, 2
766194463, 2
766194464, 2
766194465, 2
766194466, 2
766194467, 2
766194468, 2
766194469, 2
766194470, 2
766194471, 2
766194472, 2
766194473, 2
766194474, 2
766194475, 2
766194476, 2
766194477, 2
766194478, 2
766194479, 2
766194480, 2
766194481, 2
766194482, 2
766194483, 2
766194484, 2
766194485, 2
766194486, 2
766194487, 2
766194488, 2
766194489, 2
766194490, 2
766194491, 2
766194492, 2
766194493, 2
766194494, 2
766194495, 2
766194496, 2
766194497, 2
766194498, 2
766194499, 2
766194500, 2
766194501, 2
766194502, 2
766194503, 2
766194504, 2
766194505, 2
766194506, 2
766194507, 2
766194508, 2
766194509, 2
766194510, 2
766194511, 2
766194512, 2
766194513, 2
766194514, 2
766194515, 2
766194516, 2
766194517, 2
766194518, 2
766194519, 2
766194520, 2
766194521, 2
766194522, 2
766194523, 2
766194524, 2
766194525, 2
766194526, 2
766194527, 2
766194528, 2
766194529, 2
766194530, 2
766194531, 2
766194532, 2
766194533, 2
766194534, 2
766194535, 2
766194536, 2
766194537, 2
766194538, 2
766194539, 2
766194540, 2
766194541, 2
766194542, 2
766194543, 2
766194544, 2
766194545, 2
766194546, 2
766194547, 2
766194548, 2
766194549, 2
766194550, 2
766194551, 2
766194552, 2
766194553, 2
766194554, 2
766194555, 2
766194556, 2
766194557, 2
766194558, 2
766194559, 2
766194560, 2
766194561, 2
766194562, 2
766194563, 2
766194564, 2
766194565, 2
766194566, 2
766194567, 2
766194568, 2
766194569, 2
766194570, 2
766194571, 0
766194572, 2
766194573, 2
766194574, 2
766194575, 2
766194576, 2
766194577, 2
766194578, 2
766194579, 2
766194580, 2
766194581, 2
766194582, 2
766194583, 2
766194584, 2
766194585, 2
766194586, 2
766194587, 2
766194588, 2
766194589, 2
766194590, 2
766194591, 2
766194592, 2
766194593, 2
766194594, 2
766194595, 2
766194596, 2
766194597, 2
766194598, 2
766194599, 2
766194600, 2
766194601, 2
766194602, 2
766194603, 2
766194604, 2
766194605, 2
766194606, 2
766194607, 2
766194608, 2
766194609, 2
766194610, 2
766194611, 2
766194612, 2
766194613, 2
766194614, 2
766194615, 2
766194616, 2
766194617, 2
766194618, 2
766194619, 2
766194620, 2
766194621, 2
766194622, 2
766194623, 2
766194624, 2
766194625, 2
766194626, 2
766194627, 2
766194628, 2
766194629, 2
766194630, 2
766194631, 2
766194632, 2
766194633, 2
766194634, 2
766194635, 2
766194636, 2
766194637, 2
766194638, 2
766194639, 2
766194640, 2
766194641, 2
766194642, 2
766194643, 2
766194644, 2
766194645, 2
766194646, 0
766194647, 0
766194648, 2
766194649, 2
766194650, 2
766194651, 2
766194652, 2
766194653, 2
766194654, 2
766194655, 2
766194656, 2
766194657, 2
766194658, 2
766194659, 2
766194660, 2
766194661, 2
766194662, 2
766194663, 2
766194664, 2
766194665, 2
766194666, 2
766194667, 2
766194668, 2
766194669, 2
766194670, 2
766194671, 2
766194672, 2
766194673, 2
766194674, 2
766194675, 2
766194676, 2
766194677, 2
766194678, 2
766194679, 0
766194680, 2
766194681, 2
766194682, 2
766194683, 2
766194684, 2
766194685, 2
766194686, 2
766194687, 2
766194688, 2
766194689, 2
766194690, 2
766194691, 2
766194692, 2
766194693, 2
766194694, 2
766194695, 2
766194696, 2
766194697, 2
766194698, 2
766194699, 2
766194700, 2
766194701, 2
766194702, 2
766194703, 2
766194704, 2
766194705, 2
766194706, 2
766194707, 2
766194708, 2
766194709, 2
766194710, 2
766194711, 2
766194712, 2
766194713, 2
766194714, 2
766194715, 2
766194716, 2
766194717, 2
766194718, 2
766194719, 2
766194720, 2
766194721, 2
766194722, 2
766194723, 2
766194724, 2
766194725, 2
766194726, 2
766194727, 2
766194728, 2
766194729, 2
766194730, 2
766194731, 2
766194732, 2
766194733, 2
766194734, 2
766194735, 2
766194736, 2
766194737, 2
766194738, 2
766194739, 2
766194740, 2
766194741, 2
766194742, 2
766194743, 2
766194744, 0
766194745, 2
766194746, 2
766194747, 2
766194748, 2
766194749, 2
766194750, 2
766194751, 2
766194752, 2
766194753, 2
766194754, 2
766194755, 2
766194756, 2
766194757, 2
766194758, 2
766194759, 2
766194760, 2
766194761, 2
766194762, 2
766194763, 2
766194764, 2
766194765, 2
766194766, 2
766194767, N/A
766194768, 2
766194769, 2
766194770, 2
766194771, 2
766194772, 2
766194773, 2
766194774, 2
766194775, 2
766194776, 2
766194777, 2
766194778, 2
766194779, 2
766194780, 2
766194781, 2
766194782, 2
766194783, 2
766194784, 2
766194785, 2
766194786, 2
766194787, 2
766194788, 2
766194789, 2
766194790, 2
766194791, 2
766194792, 2
766194793, 2
766194794, 2
766194795, 2
766194796, 2
766194797, 2
766194798, 2
766194799, 2
766194800, 2
766194801, 2
766194802, 2
766194803, 2
766194804, 2
766194805, 2
766194806, 2
766194807, 2
766194808, 2
766194809, 2
766194810, 2
766194811, 2
766194812, 2
766194813, 2
766194814, 2
766194815, 2
766194816, 2
766194817, 2
766194818, 2
766194819, 2
766194820, 2
766194821, 2
766194822, 2
766194823, 2
766194824, 2
766194825, 2
766194826, 2
766194827, 2
766194828, 2
766194829, 2
766194830, 2
766194831, 2
766194832, 2
766194833, 2
766194834, 2
766194835, 2
766194836, 2
766194837, 2
766194838, 2
766194839, 0
766194840, 2
766194841, 2
766194842, 2
766194843, 2
766194844, 2
766194845, 2
766194846, 2
766194847, 2
766194848, 2
766194849, 2
766194850, 2
766194851, 2
766194852, 2
766194853, 2
766194854, 2
766194855, 2
766194856, 2
766194857, 2
766194858, 2
766194859, 2
766194860, 2
766194861, 2
766194862, 2
766194863, 2
766194864, 2
766194865, 2
766194866, 2
766194867, 2
766194868, 2
766194869, 2
766194870, 2
766194871, 2
766194872, 2
766194873, 2
766194874, 2
766194875, 2
766194876, 2
766194877, 2
766194878, 2
766194879, 2
766194880, 2
766194881, 2
766194882, 2
766194883, 2
766194884, 2
766194885, 2
766194886, 2
766194887, 2
766194888, 2
766194889, 2
766194890, 2
766194891, 2
766194892, 2
766194893, 2
766194894, 2
766194895, 2
766194896, 2
766194897, 2
766194898, 2
766194899, 2
766194900, 2
766194901, 2
766194902, 2
766194903, 2
766194904, 2
766194905, 2
766194906, 2
766194907, 2
766194908, 2
766194909, 2
766194910, 2
766194911, 2
766194912, 2
766194913, 2
766194914, 2
766194915, 2
766194916, 2
766194917, 2
766194918, 2
766194919, 2
766194920, 2
766194921, 2
766194922, 2
766194923, 2
766194924, 2
766194925, 2
766194926, 2
766194927, 2
766194928, 2
766194929, 2
766194930, 2
766194931, 2
766194932, 2
766194933, 2
766194934, 2
766194935, 2
766194936, 2
766194937, 2
766194938, 2
766194939, 2
766194940, 2
766194941, 2
766194942, 2
766194943, 2
766194944, 2
766194945, 2
766194946, 2
766194947, 2
766194948, 2
766194949, 2
766194950, 2
766194951, 2
766194952, 2
766194953, 2
766194954, 2
766194955, 2
766194956, 2
766194957, 2
766194958, 2
766194959, 2
766194960, 2
766194961, 2
766194962, 2
766194963, 2
766194964, 2
766194965, 2
766194966, 2
766194967, 2
766194968, 2
766194969, 2
766194970, 2
766194971, 2
766194972, 2
766194973, 2
766194974, 2
766194975, 2
766194976, 2
766194977, 2
766194978, 2
766194979, 2
766194980, 2
766194981, 2
766194982, 2
766194983, 2
766194984, 2
766194985, 2
766194986, 2
766194987, 2
766194988, 2
766194989, 0
766194990, 2
766194991, 0
766194992, 3
766194993, 0
766194994, 0
766194995, 2
766194996, 3
766194997, 0
766194998, 2
766194999, 0
766195000, 0
766195001, 0
766195002, 0
766195003, 3
766195004, 2
766195005, 2
766195006, 0
766195007, 2
766195008, 0
766195009, 2
766195010, 2
766195011, 2
766195012, 0
766195013, 2
766195014, 2
766195015, 2
766195016, 0
766195017, 0
766195018, 0
766195019, 0
766195020, 0
766195021, 0
766195022, 2
766195023, 3
766195024, 0
766195025, 2
766195026, 2
766195027, 2
766195028, 2
766195029, 0
766195030, 2
766195031, 0
766195032, 0
766195033, 2
766195034, 0
766195035, 0
766195036, 0
766195037, 2
766195038, 2
766195039, 2
766195040, 2
766195041, 2
766195042, 2
766195043, 0
766195044, 2
766195045, 2
766195046, 0
766195047, 2
766195048, 2
766195049, 2
766195050, 2
766195051, 0
766195052, 0
766195053, 2
766195054, 2
766195055, 2
766195056, 2
766195057, 2
766195058, 2
766195059, 2
766195060, 2
766195061, 2
766195062, 2
766195063, 2
766195064, 2
766195065, 2
766195066, 0
766195067, 2
766195068, 2
766195069, 2
766195070, 2
766195071, 2
766195072, 2
766195073, 0
766195074, 2
766195075, 2
766195076, 2
766195077, 2
766195078, 0
766195079, 0
766195080, 2
766195081, 2
766195082, 2
766195083, 2
766195084, 2
766195085, 2
766195086, 2
766195087, 2
766195088, 2
766195089, 0
766195090, 2
766195091, 2
766195092, 2
766195093, 2
766195094, 0
766195095, 2
766195096, 2
766195097, 2
766195098, 0
766195099, 0
766195100, 0
766195101, 2
766195102, 2
766195103, 2
766195104, 2
766195105, 2
766195106, 2
766195107, 2
766195108, 2
766195109, 0
766195110, 2
766195111, 2
766195112, 2
766195113, 2
766195114, 3
766195115, 2
766195116, 3
766195117, 2
766195118, 2
766195119, 2
766195120, 2
766195121, 2
766195122, 2
766195123, 2
766195124, 2
766195125, 0
766195126, 2
766195127, 2
766195128, 3
766195129, 2
766195130, 2
766195131, 2
766195132, 0
766195133, 0
766195134, 2
766195135, 2
766195136, 0
766195137, 2
766195138, 2
766195139, 2
766195140, 2
766195141, 2
766195142, 2
766195143, 2
766195144, 2
766195145, 0
766195146, 0
766195147, 2
766195148, 2
766195149, 2
766195150, 2
766195151, 2
766195152, 2
766195153, 2
766195154, 0
766195155, 2
766195156, 2
766195157, 2
766195158, 2
766195159, 2
766195160, 2
766195161, 3
766195162, 2
766195163, 2
766195164, 0
766195165, 0
766195166, 2
766195167, 0
766195168, 0
766195169, 2
766195170, 0
766195171, 0
766195172, 2
766195173, 2
766195174, 2
766195175, 0
766195176, 3
766195177, 0
766195178, 0
766195179, 0
766195180, 0
766195181, 2
766195182, 0
766195183, 2
766195184, 0
766195185, 0
766195186, 2
766195187, 2
766195188, 0
766195189, 2
766195190, 2
766195191, 2
766195192, 2
766195193, 0
766195194, 0
766195195, 0
766195196, 0
766195197, 2
766195198, 2
766195199, 0
766195200, 0
766195201, 0
766195202, 2
766195203, 0
766195204, 0
766195205, 0
766195206, 2
766195207, 2
766195208, 2
766195209, 2
766195210, 2
766195211, 0
766195212, 0
766195213, 2
766195214, 2
766195215, 2
766195216, 2
766195217, 2
766195218, 2
766195219, 0
766195220, 3
766195221, 3
766195222, 2
766195223, 2
766195224, 3
766195225, 3
766195226, 0
766195227, 0
766195228, 2
766195229, 0
766195230, 2
766195231, 2
766195232, 2
766195233, 2
766195234, 2
766195235, 2
766195236, 2
766195237, 2
766195238, 3
766195239, 2
766195240, 2
766195241, 0
766195242, 2
766195243, 3
766195244, 0
766195245, 0
766195246, 2
766195247, 2
766195248, 0
766195249, 2
766195250, 0
766195251, 2
766195252, 0
766195253, 2
766195254, 2
766195255, 2
766195256, 0
766195257, 2
766195258, 0
766195259, 2
766195260, 2
766195261, 2
766195262, 2
766195263, 2
766195264, 0
766195265, 2
766195266, 2
766195267, 0
766195268, 0
766195269, 2
766195270, 2
766195271, 2
766195272, 0
766195273, 0
766195274, 0
766195275, 0
766195276, 2
766195277, 2
766195278, 2
766195279, 0
766195280, 2
766195281, 2
766195282, 2
766195283, 2
766195284, 2
766195285, 2
766195286, 2
766195287, 0
766195288, 2
766195289, 2
766195290, 2
766195291, 2
766195292, 2
766195293, 3
766195294, 2
766195295, 2
766195296, 0
766195297, 2
766195298, 2
766195299, 0
766195300, 2
766195301, 0
766195302, 2
766195303, 2
766195304, 2
766195305, 2
766195306, 0
766195307, 2
766195308, 2
766195309, 2
766195310, 2
766195311, 0
766195312, 2
766195313, 2
766195314, 2
766195315, 2
766195316, 2
766195317, 2
766195318, 2
766195319, 2
766195320, 2
766195321, 2
766195322, 2
766195323, 2
766195324, 2
766195325, 0
766195326, 2
766195327, 0
766195328, 0
766195329, 0
766195330, 3
766195331, 0
766195332, 3
766195333, 3
766195334, 3
766195335, 0
766195336, 3
766195337, 0
766195338, 2
766195339, 2
766195340, 0
766195341, 0
766195342, 2
766195343, 0
766195344, 0
766195345, 0
766195346, 0
766195347, 0
766195348, 2
766195349, 2
766195350, 2
766195351, 2
766195352, 0
766195353, 0
766195354, 2
766195355, 0
766195356, 2
766195357, 0
766195358, 2
766195359, 2
766195360, N/A
766195361, 2
766195362, 0
766195363, 0
766195364, 0
766195365, 2
766195366, 2
766195367, 2
766195368, 2
766195369, 2
766195370, 0
766195371, 2
766195372, 0
766195373, 2
766195374, 2
766195375, 2
766195376, 0
766195377, 0
766195378, 0
766195379, 2
766195380, 3
766195381, 2
766195382, 0
766195383, 2
766195384, 0
766195385, 3
766195386, 2
766195387, 3
766195388, 3
766195389, 2
766195390, 2
766195391, 0
766195392, 0
766195393, 2
766195394, 2
766195395, 2
766195396, 2
766195397, 0
766195398, 2
766195399, 2
766195400, 2
766195401, 2
766195402, 0
766195403, 2
766195404, 0
766195405, 2
766195406, 0
766195407, 0
766195408, 2
766195409, 2
766195410, 2
766195411, 2
766195412, 0
766195413, 2
766195414, 0
766195415, 0
766195416, 2
766195417, 2
766195418, 2
766195419, 3
766195420, 2
766195421, 2
766195422, 2
766195423, 2
766195424, 0
766195425, 2
766195426, 2
766195427, 2
766195428, 0
766195429, 2
766195430, 2
766195431, 0
766195432, 2
766195433, 0
766195434, 2
766195435, 2
766195436, 2
766195437, 0
766195438, 2
766195439, 2
766195440, 2
766195441, 2
766195442, 0
766195443, 0
766195444, 0
766195445, 0
766195446, 2
766195447, 2
766195448, 2
766195449, 2
766195450, 2
766195451, 2
766195452, 2
766195453, 2
766195454, 0
766195455, 2
766195456, 0
766195457, 0
766195458, 2
766195459, 2
766195460, 2
766195461, 0
766195462, 2
766195463, 2
766195464, 2
766195465, 2
766195466, 2
766195467, 0
766195468, 2
766195469, 2
766195470, 2
766195471, 2
766195472, 2
766195473, 2
766195474, 0
766195475, 2
766195476, 2
766195477, 0
766195478, 0
766195479, 2
766195480, 0
766195481, 2
766195482, 2
766195483, 0
766195484, 2
766195485, 2
766195486, 0
766195487, 0
766195488, 0
766195489, 2
766195490, 2
766195491, 2
766195492, 2
766195493, 2
766195494, 2
766195495, 2
766195496, 0
766195497, 2
766195498, 2
766195499, 2
766195500, 2
766195501, 0
766195502, 2
766195503, 0
766195504, 3
766195505, 0
766195506, 2
766195507, 0
766195508, 0
766195509, 2
766195510, 0
766195511, 2
766195512, 2
766195513, 0
766195514, 2
766195515, 2
766195516, 2
766195517, 2
766195518, 2
766195519, 0
766195520, 2
766195521, 2
766195522, 0
766195523, 0
766195524, 0
766195525, 0
766195526, 0
766195527, 2
766195528, 2
766195529, 3
766195530, 2
766195531, 2
766195532, 2
766195533, 2
766195534, 0
766195535, 2
766195536, 2
766195537, 2
766195538, 2
766195539, 2
766195540, 2
766195541, 2
766195542, 2
766195543, 2
766195544, 0
766195545, 2
766195546, 2
766195547, 2
766195548, 2
766195549, 0
766195550, 3
766195551, 2
766195552, 2
766195553, 0
766195554, 2
766195555, 2
766195556, 2
766195557, 0
766195558, 2
766195559, 0
766195560, 0
766195561, 2
766195562, 3
766195563, 2
766195564, 3
766195565, 0
766195566, 3
766195567, 2
766195568, 0
766195569, 2
766195570, 0
766195571, 2
766195572, 2
766195573, 0
766195574, 0
766195575, 0
766195576, 0
766195577, 2
766195578, 2
766195579, 2
766195580, 2
766195581, 2
766195582, 2
766195583, 2
766195584, 0
766195585, 2
766195586, 2
766195587, 0
766195588, 2
766195589, 0
766195590, 0
766195591, 2
766195592, 0
766195593, 2
766195594, 2
766195595, 2
766195596, 0
766195597, 0
766195598, 0
766195599, 0
766195600, 0
766195601, 2
766195602, 2
766195603, 2
766195604, 2
766195605, 3
766195606, 2
766195607, 0
766195608, 2
766195609, 0
766195610, 2
766195611, 2
766195612, 0
766195613, 2
766195614, 2
766195615, 2
766195616, 0
766195617, 0
766195618, 2
766195619, 2
766195620, 2
766195621, 0
766195622, 2
766195623, 0
766195624, 2
766195625, 0
766195626, 0
766195627, 0
766195628, 0
766195629, 0
766195630, 0
766195631, 2
766195632, 2
766195633, 0
766195634, 2
766195635, 0
766195636, 2
766195637, 0
766195638, 2
766195639, 2
766195640, 2
766195641, 2
766195642, 0
766195643, 2
766195644, 2
766195645, 0
766195646, 2
766195647, 2
766195648, 2
766195649, 0
766195650, 2
766195651, 2
766195652, 2
766195653, 2
766195654, 2
766195655, 0
766195656, 3
766195657, 0
766195658, 0
766195659, 2
766195660, 0
766195661, 2
766195662, 2
766195663, 0
766195664, 2
766195665, 2
766195666, 2
766195667, 0
766195668, 0
766195669, 2
766195670, 0
766195671, 0
766195672, 0
766195673, 2
766195674, 2
766195675, 2
766195676, 2
766195677, 2
766195678, 0
766195679, 2
766195680, 2
766195681, 2
766195682, 2
766195683, 2
766195684, 2
766195685, 2
766195686, 0
766195687, 2
766195688, 2
766195689, 0
766195690, 2
766195691, 2
766195692, 2
766195693, 2
766195694, 2
766195695, 2
766195696, 2
766195697, 2
766195698, 2
766195699, 2
766195700, 2
766195701, 2
766195702, 2
766195703, 2
766195704, 2
766195705, 2
766195706, 0
766195707, 0
766195708, 2
766195709, 0
766195710, 0
766195711, 2
766195712, 3
766195713, 0
766195714, 0
766195715, 2
766195716, 0
766195717, 3
766195718, 2
766195719, 2
766195720, 2
766195721, 2
766195722, 2
766195723, 2
766195724, 2
766195725, 2
766195726, 2
766195727, 2
766195728, 2
766195729, 2
766195730, 2
766195731, 0
766195732, 2
766195733, 2
766195734, 2
766195735, 2
766195736, 2
766195737, 2
766195738, 2
766195739, 2
766195740, 2
766195741, 0
766195742, 2
766195743, 2
766195744, 2
766195745, 2
766195746, 2
766195747, 2
766195748, 0
766195749, 2
766195750, 2
766195751, 2
766195752, 2
766195753, 2
766195754, 2
766195755, 2
766195756, 2
766195757, N/A
766195758, 2
766195759, 2
766195760, 2
766195761, 2
766195762, 2
766195763, 2
766195764, 2
766195765, 2
766195766, 0
766195767, 0
766195768, 2
766195769, 2
766195770, 0
766195771, 2
766195772, 2
766195773, 0
766195774, 2
766195775, 0
766195776, 2
766195777, 2
766195778, 2
766195779, 0
766195780, 2
766195781, 0
766195782, 2
766195783, 2
766195784, 0
766195785, 2
766195786, 2
766195787, 2
766195788, 0
766195789, 0
766195790, 2
766195791, 2
766195792, 2
766195793, 2
766195794, 2
766195795, 2
766195796, 2
766195797, 2
766195798, 2
766195799, 2
766195800, 2
766195801, 2
766195802, 2
766195803, 0
766195804, 2
766195805, 2
766195806, 0
766195807, 2
766195808, 2
766195809, 0
766195810, 2
766195811, 2
766195812, 2
766195813, 2
766195814, 0
766195815, 0
766195816, 2
766195817, 2
766195818, 3
766195819, 2
766195820, 0
766195821, 2
766195822, 3
766195823, 2
766195824, 2
766195825, 0
766195826, 0
766195827, 0
766195828, 2
766195829, 2
766195830, 2
766195831, 2
766195832, 2
766195833, 2
766195834, 2
766195835, 2
766195836, 2
766195837, 2
766195838, 2
766195839, 2
766195840, 2
766195841, 3
766195842, 2
766195843, 2
766195844, 0
766195845, 2
766195846, 0
766195847, 0
766195848, 0
766195849, 2
766195850, 0
766195851, 0
766195852, 2
766195853, 2
766195854, 0
766195855, 2
766195856, 0
766195857, 0
766195858, 0
766195859, 2
766195860, 2
766195861, 0
766195862, 0
766195863, 2
766195864, 0
766195865, 2
766195866, 0
766195867, 2
766195868, 2
766195869, 2
766195870, 2
766195871, 2
766195872, 2
766195873, 2
766195874, 2
766195875, 2
766195876, 2
766195877, 2
766195878, 0
766195879, 2
766195880, 0
766195881, 3
766195882, 0
766195883, 0
766195884, 2
766195885, 0
766195886, 0
766195887, 3
766195888, 2
766195889, 2
766195890, 2
766195891, 2
766195892, 2
766195893, 0
766195894, 0
766195895, 0
766195896, 2
766195897, 2
766195898, 2
766195899, 2
766195900, 0
766195901, 2
766195902, 0
766195903, 2
766195904, 2
766195905, 2
766195906, 2
766195907, 2
766195908, 2
766195909, 2
766195910, 2
766195911, 0
766195912, 0
766195913, 0
766195914, 0
766195915, 0
766195916, 2
766195917, 0
766195918, 2
766195919, 2
766195920, 0
766195921, 2
766195922, 2
766195923, 2
766195924, 2
766195925, 2
766195926, 2
766195927, 2
766195928, 2
766195929, 2
766195930, 3
766195931, 0
766195932, 0
766195933, 0
766195934, 0
766195935, 2
766195936, 2
766195937, 2
766195938, 2
766195939, 0
766195940, 0
766195941, 2
766195942, 2
766195943, 0
766195944, 2
766195945, 2
766195946, 2
766195947, 2
766195948, 0
766195949, 2
766195950, 2
766195951, 2
766195952, 2
766195953, 2
766195954, 0
766195955, 0
766195956, 3
766195957, 3
766195958, 0
766195959, 2
766195960, 0
766195961, 0
766195962, 2
766195963, 2
766195964, 2
766195965, 2
766195966, 2
766195967, 2
766195968, 2
766195969, 0
766195970, 2
766195971, 2
766195972, 0
766195973, 0
766195974, 2
766195975, 2
766195976, 2
766195977, 2
766195978, 2
766195979, 2
766195980, 3
766195981, 2
766195982, 2
766195983, 2
766195984, 0
766195985, 2
766195986, 2
766195987, 2
766195988, 2
766195989, 2
766195990, 2
766195991, 2
766195992, 0
766195993, 2
766195994, 2
766195995, 2
766195996, 0
766195997, 0
766195998, 2
766195999, 2
766196000, 0
766196001, 0
766196002, 0
766196003, 2
766196004, 2
766196005, 2
766196006, 2
766196007, 2
766196008, 2
766196009, 2
766196010, 2
766196011, 2
766196012, 2
766196013, 2
766196014, 2
766196015, 2
766196016, 2
766196017, 2
766196018, 0
766196019, 2
766196020, 0
766196021, 2
766196022, 2
766196023, 3
766196024, 2
766196025, 2
766196026, 2
766196027, 0
766196028, 0
766196029, 0
766196030, 2
766196031, 2
766196032, 2
766196033, 2
766196034, 2
766196035, 2
766196036, 2
766196037, 2
766196038, 2
766196039, 0
766196040, 2
766196041, 2
766196042, 2
766196043, 0
766196044, 0
766196045, 0
766196046, 2
766196047, 0
766196048, 2
766196049, 0
766196050, 2
766196051, 0
766196052, 0
766196053, 0
766196054, 2
766196055, 3
766196056, 0
766196057, 0
766196058, 2
766196059, 2
766196060, 2
766196061, 0
766196062, 2
766196063, 0
766196064, 2
766196065, 0
766196066, 2
766196067, 0
766196068, 0
766196069, 2
766196070, 2
766196071, 0
766196072, 2
766196073, 2
766196074, 2
766196075, 0
766196076, 2
766196077, 2
766196078, 2
766196079, 2
766196080, 0
766196081, 2
766196082, 2
766196083, 0
766196084, 2
766196085, 0
766196086, 0
766196087, 0
766196088, 0
766196089, 2
766196090, 0
766196091, 0
766196092, 0
766196093, 0
766196094, 2
766196095, 2
766196096, 2
766196097, 2
766196098, 2
766196099, 0
766196100, 2
766196101, 2
766196102, 2
766196103, 2
766196104, 3
766196105, 2
766196106, 0
766196107, 2
766196108, 0
766196109, 2
766196110, 2
766196111, 0
766196112, 0
766196113, 2
766196114, 0
766196115, 2
766196116, 3
766196117, 2
766196118, 2
766196119, 2
766196120, 0
766196121, 0
766196122, 2
766196123, 2
766196124, 2
766196125, 2
766196126, 2
766196127, 0
766196128, 2
766196129, 2
766196130, 0
766196131, 3
766196132, 0
766196133, 2
766196134, 2
766196135, 2
766196136, 2
766196137, 2
766196138, 2
766196139, 0
766196140, 2
766196141, 2
766196142, 2
766196143, 2
766196144, 2
766196145, 2
766196146, 0
766196147, 2
766196148, 2
766196149, 2
766196150, 2
766196151, 0
766196152, 2
766196153, 2
766196154, 2
766196155, 2
766196156, 0
766196157, 2
766196158, 0
766196159, 2
766196160, 2
766196161, 2
766196162, 2
766196163, 2
766196164, 2
766196165, 0
766196166, 2
766196167, 2
766196168, 2
766196169, 2
766196170, 2
766196171, 0
766196172, 2
766196173, 2
766196174, 2
766196175, 2
766196176, 2
766196177, 2
766196178, 2
766196179, 0
766196180, 2
766196181, 2
766196182, 2
766196183, 2
766196184, 0
766196185, 2
766196186, 2
766196187, 0
766196188, 2
766196189, 2
766196190, 2
766196191, 2
766196192, 2
766196193, 2
766196194, 2
766196195, 2
766196196, 2
766196197, 2
766196198, 2
766196199, 2
766196200, 2
766196201, 0
766196202, 0
766196203, 2
766196204, 2
766196205, 2
766196206, 2
766196207, 2
766196208, 2
766196209, 0
766196210, 2
766196211, 2
766196212, 3
766196213, 0
766196214, 2
766196215, 2
766196216, 0
766196217, 2
766196218, 2
766196219, 0
766196220, 2
766196221, 2
766196222, 0
766196223, 2
766196224, 2
766196225, 0
766196226, 2
766196227, 0
766196228, 0
766196229, 2
766196230, 2
766196231, 0
766196232, 0
766196233, 0
766196234, 2
766196235, 2
766196236, 0
766196237, 2
766196238, 0
766196239, 2
766196240, 2
766196241, 2
766196242, 0
766196243, 2
766196244, 2
766196245, 2
766196246, 3
766196247, 2
766196248, N/A
766196249, 0
766196250, 2
766196251, 2
766196252, 0
766196253, 0
766196254, 2
766196255, 0
766196256, 2
766196257, 2
766196258, 2
766196259, 2
766196260, 0
766196261, 0
766196262, 3
766196263, 0
766196264, 0
766196265, 0
766196266, 2
766196267, 0
766196268, 2
766196269, 2
766196270, 2
766196271, 2
766196272, 2
766196273, 0
766196274, 2
766196275, 2
766196276, 2
766196277, 2
766196278, 2
766196279, 3
766196280, 0
766196281, 0
766196282, 3
766196283, 2
766196284, 2
766196285, 2
766196286, 0
766196287, 2
766196288, 0
766196289, 0
766196290, 2
766196291, 0
766196292, 2
766196293, 2
766196294, 2
766196295, 2
766196296, 0
766196297, 3
766196298, 2
766196299, 0
766196300, 0
766196301, 0
766196302, 3
766196303, 2
766196304, 2
766196305, 2
766196306, 0
766196307, 2
766196308, 2
766196309, 0
766196310, 0
766196311, 2
766196312, 2
766196313, 2
766196314, 2
766196315, 2
766196316, 2
766196317, 2
766196318, 0
766196319, 2
766196320, 2
766196321, 2
766196322, 2
766196323, 2
766196324, 2
766196325, 2
766196326, 2
766196327, 2
766196328, 2
766196329, 0
766196330, 0
766196331, 0
766196332, 0
766196333, 2
766196334, 2
766196335, N/A
766196336, 2
766196337, 2
766196338, 2
766196339, 2
766196340, 2
766196341, 2
766196342, 2
766196343, 2
766196344, 2
766196345, 0
766196346, 2
766196347, N/A
766196348, 0
766196349, 2
766196350, 2
766196351, 2
766196352, 2
766196353, 0
766196354, 2
766196355, 2
766196356, 2
766196357, 2
766196358, 0
766196359, 0
766196360, 0
766196361, 0
766196362, 0
766196363, 3
766196364, 3
766196365, 0
766196366, 2
766196367, 0
766196368, 0
766196369, 2
766196370, 2
766196371, 2
766196372, 3
766196373, 0
766196374, 0
766196375, 0
766196376, 2
766196377, 0
766196378, 2
766196379, 2
766196380, 0
766196381, 2
766196382, 3
766196383, 2
766196384, 2
766196385, 2
766196386, 0
766196387, 2
766196388, 2
766196389, 2
766196390, 0
766196391, 0
766196392, 0
766196393, 0
766196394, 2
766196395, 3
766196396, 2
766196397, 0
766196398, 2
766196399, 0
766196400, 0
766196401, 2
766196402, 0
766196403, 0
766196404, 0
766196405, 0
766196406, 0
766196407, 0
766196408, 2
766196409, 3
766196410, 2
766196411, 0
766196412, 2
766196413, 0
766196414, 0
766196415, 2
766196416, 2
766196417, 3
766196418, 2
766196419, 3
766196420, 0
766196421, 2
766196422, 2
766196423, 0
766196424, 3
766196425, 2
766196426, 0
766196427, 2
766196428, 2
766196429, 2
766196430, 2
766196431, 2
766196432, 2
766196433, 2
766196434, 0
766196435, 0
766196436, 0
766196437, 2
766196438, 0
766196439, 0
766196440, 2
766196441, 0
766196442, 2
766196443, 2
766196444, 0
766196445, 2
766196446, 0
766196447, 0
766196448, 0
766196449, 0
766196450, 0
766196451, 0
766196452, 0
766196453, 0
766196454, 2
766196455, 0
766196456, 0
766196457, 0
766196458, 2
766196459, 2
766196460, 2
766196461, 0
766196462, 0
766196463, 2
766196464, 2
766196465, 0
766196466, 0
766196467, 0
766196468, 2
766196469, 0
766196470, 2
766196471, 0
766196472, 2
766196473, 0
766196474, 0
766196475, 2
766196476, 0
766196477, 0
766196478, 2
766196479, 3
766196480, 0
766196481, 2
766196482, 0
766196483, 2
766196484, 0
766196485, 0
766196486, 0
766196487, 2
766196488, 2
766196489, 2
766196490, 0
766196491, 2
766196492, 0
766196493, 2
766196494, 0
766196495, 0
766196496, 2
766196497, 2
766196498, 2
766196499, 2
766196500, 0
766196501, 0
766196502, 0
766196503, 0
766196504, 2
766196505, 2
766196506, 2
766196507, 0
766196508, 2
766196509, 2
766196510, 0
766196511, 2
766196512, 0
766196513, 0
766196514, 0
766196515, 2
766196516, 0
766196517, 0
766196518, 0
766196519, 2
766196520, 2
766196521, 0
766196522, 2
766196523, 3
766196524, 0
766196525, 2
766196526, 2
766196527, 2
766196528, 2
766196529, 2
766196530, 3
766196531, 0
766196532, 2
766196533, 0
766196534, 0
766196535, 0
766196536, 0
766196537, 2
766196538, 2
766196539, 2
766196540, 0
766196541, 2
766196542, 2
766196543, 0
766196544, N/A
766196545, 2
766196546, 0
766196547, 0
766196548, 0
766196549, 0
766196550, 2
766196551, 0
766196552, 2
766196553, 0
766196554, 0
766196555, 2
766196556, 2
766196557, 2
766196558, 0
766196559, 3
766196560, 2
766196561, 0
766196562, 2
766196563, 2
766196564, 0
766196565, 2
766196566, 0
766196567, 0
766196568, 2
766196569, 2
766196570, 2
766196571, 2
766196572, 2
766196573, 2
766196574, 0
766196575, 2
766196576, 2
766196577, 2
766196578, 2
766196579, 0
766196580, 0
766196581, 3
766196582, 2
766196583, 2
766196584, 2
766196585, 2
766196586, 2
766196587, 2
766196588, 2
766196589, 2
766196590, 0
766196591, 0
766196592, 2
766196593, 0
766196594, 2
766196595, 2
766196596, 2
766196597, 2
766196598, 2
766196599, 2
766196600, 2
766196601, 2
766196602, 2
766196603, 2
766196604, 2
766196605, 2
766196606, 2
766196607, 2
766196608, 2
766196609, 0
766196610, 3
766196611, 2
766196612, 0
766196613, 3
766196614, 2
766196615, 0
766196616, 0
766196617, 2
766196618, 2
766196619, 2
766196620, 2
766196621, 0
766196622, 2
766196623, 2
766196624, 0
766196625, 0
766196626, 2
766196627, 0
766196628, 2
766196629, 2
766196630, 2
766196631, 2
766196632, 2
766196633, 0
766196634, 2
766196635, 2
766196636, 2
766196637, 2
766196638, 2
766196639, 2
766196640, 2
766196641, 2
766196642, 2
766196643, 2
766196644, 2
766196645, 2
766196646, 0
766196647, 3
766196648, 0
766196649, 2
766196650, 2
766196651, 2
766196652, 0
766196653, 0
766196654, 0
766196655, 3
766196656, 3
766196657, 2
766196658, 0
766196659, 2
766196660, 3
766196661, 2
766196662, 2
766196663, 2
766196664, 2
766196665, 2
766196666, 2
766196667, 2
766196668, 2
766196669, 0
766196670, 0
766196671, 2
766196672, 0
766196673, 2
766196674, 2
766196675, 0
766196676, 2
766196677, 2
766196678, 2
766196679, 2
766196680, 2
766196681, 2
766196682, 0
766196683, 2
766196684, 2
766196685, 2
766196686, 2
766196687, 2
766196688, 2
766196689, 2
766196690, 3
766196691, 2
766196692, 2
766196693, 2
766196694, 2
766196695, 2
766196696, 2
766196697, 2
766196698, 2
766196699, 0
766196700, 2
766196701, 2
766196702, 2
766196703, 0
766196704, 2
766196705, 0
766196706, 2
766196707, 0
766196708, 2
766196709, 0
766196710, 2
766196711, 0
766196712, 2
766196713, 2
766196714, 0
766196715, 0
766196716, 2
766196717, N/A
766196718, 0
766196719, 3
766196720, 2
766196721, 2
766196722, 0
766196723, 2
766196724, 0
766196725, N/A
766196726, 0
766196727, 0
766196728, 2
766196729, 0
766196730, 0
766196731, 2
766196732, 2
766196733, 0
766196734, 3
766196735, 0
766196736, N/A
766196737, 2
766196738, 2
766196739, 2
766196740, 2
766196741, 2
766196742, 2
766196743, 0
766196744, 0
766196745, 2
766196746, 0
766196747, 0
766196748, 3
766196749, 0
766196750, 2
766196751, 2
766196752, 2
766196753, 0
766196754, 2
766196755, 2
766196756, 2
766196757, 2
766196758, 2
766196759, 2
766196760, 2
766196761, 2
766196762, 0
766196763, 2
766196764, 0
766196765, 2
766196766, 0
766196767, 2
766196768, 2
766196769, 2
766196770, 2
766196771, 2
766196772, 0
766196773, 2
766196774, 2
766196775, 2
766196776, 2
766196777, 2
766196778, 0
766196779, 2
766196780, 2
766196781, 2
766196782, 2
766196783, 2
766196784, 0
766196785, 0
766196786, 0
766196787, 2
766196788, 0
766196789, 0
766196790, 0
766196791, 2
766196792, 0
766196793, 0
766196794, 0
766196795, 2
766196796, 0
766196797, 0
766196798, 2
766196799, 2
766196800, 0
766196801, 3
766196802, 2
766196803, 2
766196804, 2
766196805, 2
766196806, 2
766196807, 2
766196808, 2
766196809, 2
766196810, 2
766196811, 2
766196812, 2
766196813, 2
766196814, 2
766196815, 2
766196816, 2
766196817, 2
766196818, 2
766196819, 2
766196820, 2
766196821, 2
766196822, 2
766196823, 2
766196824, 2
766196825, 2
766196826, 2
766196827, 0
766196828, 2
766196829, 2
766196830, 2
766196831, 2
766196832, 2
766196833, 2
766196834, 2
766196835, 2
766196836, 2
766196837, 0
766196838, 2
766196839, 2
766196840, 2
766196841, 2
766196842, 2
766196843, 2
766196844, 2
766196845, 0
766196846, 2
766196847, 2
766196848, 2
766196849, 2
766196850, 2
766196851, 2
766196852, 2
766196853, 2
766196854, 2
766196855, 0
766196856, 0
766196857, 0
766196858, 0
766196859, 0
766196860, 0
766196861, 2
766196862, 2
766196863, 2
766196864, 0
766196865, 2
766196866, 2
766196867, 2
766196868, 2
766196869, 0
766196870, 2
766196871, 2
766196872, 2
766196873, 0
766196874, 2
766196875, 2
766196876, 2
766196877, 2
766196878, 2
766196879, 2
766196880, 2
766196881, 2
766196882, 2
766196883, 2
766196884, 2
766196885, 0
766196886, 2
766196887, 2
766196888, 2
766196889, 2
766196890, 2
766196891, 0
766196892, 0
766196893, 2
766196894, 0
766196895, 0
766196896, 2
766196897, 2
766196898, 3
766196899, 0
766196900, 2
766196901, 2
766196902, 2
766196903, 3
766196904, 2
766196905, 2
766196906, 2
766196907, 2
766196908, 2
766196909, 2
766196910, 0
766196911, 2
766196912, 2
766196913, 2
766196914, 2
766196915, 2
766196916, 2
766196917, 2
766196918, 2
766196919, 2
766196920, 2
766196921, 0
766196922, 2
766196923, 3
766196924, 0
766196925, 2
766196926, 3
766196927, 2
766196928, 2
766196929, 0
766196930, 0
766196931, 2
766196932, 2
766196933, 2
766196934, 2
766196935, 2
766196936, 2
766196937, 2
766196938, 0
766196939, 0
766196940, 2
766196941, 2
766196942, 2
766196943, 2
766196944, 2
766196945, 2
766196946, 0
766196947, 0
766196948, 2
766196949, 2
766196950, 2
766196951, 2
766196952, 2
766196953, 0
766196954, 0
766196955, 2
766196956, 2
766196957, 2
766196958, 2
766196959, 2
766196960, 0
766196961, 2
766196962, 0
766196963, 0
766196964, 2
766196965, 2
766196966, 2
766196967, 2
766196968, 2
766196969, 2
766196970, 2
766196971, 2
766196972, 0
766196973, 2
766196974, 0
766196975, 2
766196976, 2
766196977, 2
766196978, 2
766196979, 2
766196980, 0
766196981, 0
766196982, 2
766196983, 2
766196984, 2
766196985, 2
766196986, 0
766196987, 3
766196988, 0
766196989, 2
766196990, 2
766196991, 0
766196992, 0
766196993, 2
766196994, 2
766196995, 2
766196996, 0
766196997, 3
766196998, 3
766196999, 2
766197000, 2
766197001, 3
766197002, 3
766197003, 3
766197004, 3
766197005, 3
766197006, 2
766197007, 3
766197008, 2
766197009, 2
766197010, 0
766197011, 0
766197012, 0
766197013, 0
766197014, 3
766197015, 3
766197016, 1
766197017, 2
766197018, 2
766197019, 2
766197020, 2
766197021, 2
766197022, 2
766197023, 2
766197024, 2
766197025, 2
766197026, 0
766197027, 2
766197028, 0
766197029, 0
766197030, 0
766197031, 2
766197032, 0
766197033, 0
766197034, 2
766197035, 2
766197036, 2
766197037, 2
766197038, N/A
766197039, 2
766197040, 2
766197041, 2
766197042, 2
766197043, 2
766197044, 2
766197045, 2
766197046, 2
766197047, 2
766197048, 0
766197049, 2
766197050, 2
766197051, 2
766197052, 2
766197053, 0
766197054, 2
766197055, 2
766197056, 0
766197057, 2
766197058, 0
766197059, 0
766197060, 0
766197061, 2
766197062, 0
766197063, 0
766197064, 0
766197065, 2
766197066, 3
766197067, 2
766197068, 2
766197069, 2
766197070, 2
766197071, 2
766197072, 0
766197073, 2
766197074, 0
766197075, 2
766197076, 2
766197077, 2
766197078, 2
766197079, 2
766197080, 0
766197081, 3
766197082, 0
766197083, 2
766197084, 0
766197085, 2
766197086, 2
766197087, 2
766197088, 0
766197089, 2
766197090, 0
766197091, 0
766197092, 0
766197093, 2
766197094, 3
766197095, 2
766197096, 2
766197097, 0
766197098, 2
766197099, 0
766197100, 2
766197101, 2
766197102, 3
766197103, 3
766197104, 2
766197105, 2
766197106, 2
766197107, 2
766197108, 2
766197109, 2
766197110, 0
766197111, 0
766197112, 0
766197113, 0
766197114, 0
766197115, 0
766197116, 0
766197117, 2
766197118, 0
766197119, 2
766197120, 2
766197121, 2
766197122, 2
766197123, 2
766197124, 2
766197125, 2
766197126, 2
766197127, 2
766197128, 2
766197129, 2
766197130, 0
766197131, 2
766197132, 0
766197133, 2
766197134, 2
766197135, 2
766197136, 2
766197137, 0
766197138, 2
766197139, 2
766197140, 2
766197141, 2
766197142, 2
766197143, 2
766197144, 2
766197145, 2
766197146, 0
766197147, 0
766197148, 2
766197149, 2
766197150, 2
766197151, 0
766197152, 2
766197153, 2
766197154, 0
766197155, 2
766197156, 2
766197157, 0
766197158, 0
766197159, 2
766197160, 2
766197161, 2
766197162, 2
766197163, 2
766197164, 2
766197165, 2
766197166, 2
766197167, 2
766197168, 2
766197169, 2
766197170, 2
766197171, 2
766197172, 2
766197173, 2
766197174, 2
766197175, 2
766197176, 2
766197177, 2
766197178, 2
766197179, 2
766197180, 2
766197181, 0
766197182, 2
766197183, 2
766197184, 2
766197185, 2
766197187, 2
766197188, 2
766197189, 2
766197190, 2
766197191, 2
766197192, 0
766197193, 2
766197194, 0
766197195, 2
766197196, 2
766197197, 2
766197198, 0
766197199, 0
766197200, 2
766197201, 0
766197202, 0
766197203, 0
766197204, 2
766197205, 2
766197206, 0
766197207, 2
766197208, 2
766197209, 2
766197210, 2
766197211, 2
766197212, 2
766197213, 2
766197214, 2
766197215, 0
766197216, 2
766197217, 2
766197218, 2
766197219, 2
766197220, 2
766197221, 0
766197222, 0
766197223, 2
766197224, 2
766197225, 0
766197226, 2
766197227, 2
766197228, 2
766197229, 2
766197230, 0
766197231, 0
766197232, 2
766197233, 2
766197234, 2
766197235, 0
766197236, 2
766197237, 2
766197238, 2
766197239, 2
766197240, 2
766197241, 2
766197242, 2
766197243, 2
766197244, 2
766197245, 2
766197246, 0
766197247, 2
766197248, 2
766197249, 2
766197250, 2
766197251, 0
766197252, 0
766197253, 2
766197254, 2
766197255, 2
766197256, 2
766197257, 2
766197258, 0
766197259, 0
766197260, 2
766197261, 2
766197262, 0
766197263, 2
766197264, 2
766197265, 0
766197266, 0
766197267, 2
766197268, 2
766197269, 2
766197270, 2
766197271, 3
766197272, 0
766197273, 2
766197274, 2
766197275, N/A
766197276, 2
766197277, 3
766197278, 2
766197279, 2
766197280, 2
766197281, 0
766197282, 0
766197283, 2
766197284, 0
766197285, 0
766197286, 3
766197287, 2
766197288, 2
766197289, 0
766197290, 2
766197291, 2
766197292, 0
766197293, 2
766197294, 2
766197295, 0
766197296, 2
766197297, 0
766197298, 3
766197299, 0
766197300, 0
766197301, 0
766197302, 0
766197303, 0
766197304, 2
766197305, 0
766197306, 0
766197307, 2
766197308, 2
766197309, 2
766197310, 2
766197311, 2
766197312, 0
766197313, 2
766197314, 0
766197315, 2
766197316, 0
766197317, 0
766197318, 2
766197319, 0
766197320, 0
766197321, 0
766197322, 2
766197323, 2
766197324, 2
766197325, 2
766197326, 2
766197327, 0
766197328, 0
766197329, 0
766197330, 2
766197331, 3
766197332, 2
766197333, 2
766197334, 0
766197335, 2
766197336, 2
766197337, 0
766197338, 2
766197339, 0
766197340, 2
766197341, 0
766197342, 2
766197343, 3
766197344, 2
766197345, 2
766197346, 0
766197347, 2
766197348, 2
766197349, 2
766197350, 0
766197351, 2
766197352, 2
766197353, 0
766197354, 0
766197355, 0
766197356, 2
766197357, 2
766197358, 2
766197359, 2
766197360, 0
766197361, 2
766197362, 2
766197363, 2
766197364, 2
766197365, 2
766197366, 2
766197367, 2
766197368, 2
766197369, 2
766197370, 2
766197371, 2
766197372, 2
766197373, 2
766197374, 0
766197375, 0
766197376, 0
766197377, 2
766197378, 2
766197379, 2
766197380, 2
766197381, 2
766197382, 2
766197383, 0
766197384, 2
766197385, 2
766197386, 2
766197387, 2
766197388, 2
766197389, 2
766197390, 2
766197391, 2
766197392, 0
766197393, 0
766197394, 0
766197395, 2
766197396, 3
766197397, 2
766197398, 2
766197399, 2
766197400, 2
766197401, 2
766197402, 2
766197403, 2
766197404, N/A
766197405, 2
766197406, 2
766197407, 0
766197408, 2
766197409, 2
766197410, 2
766197411, 2
766197412, 0
766197413, 2
766197414, 0
766197415, 2
766197416, 0
766197417, 0
766197418, 2
766197419, 2
766197420, 0
766197421, 2
766197422, 0
766197423, 2
766197424, 2
766197425, 3
766197426, 0
766197427, 0
766197428, 2
766197429, 2
766197430, 2
766197431, 2
766197432, 2
766197433, 2
766197434, 2
766197435, 2
766197436, 2
766197437, 0
766197438, 2
766197439, 2
766197440, 2
766197441, 0
766197442, 2
766197443, 2
766197444, 0
766197445, 2
766197446, 2
766197447, 2
766197448, 0
766197449, 2
766197450, 0
766197451, 2
766197452, 2
766197453, 0
766197454, 0
766197455, 0
766197456, 2
766197457, 0
766197458, 0
766197459, 2
766197460, 2
766197461, 2
766197462, 2
766197463, 0
766197464, 0
766197465, 0
766197466, 0
766197467, 2
766197468, 2
766197469, 3
766197470, 0
766197471, 0
766197472, 0
766197473, 3
766197474, 0
766197475, 2
766197476, 2
766197477, 3
766197478, 2
766197479, 2
766197480, 2
766197481, 0
766197482, 0
766197483, 3
766197484, 0
766197485, 2
766197486, 2
